name	type	units	low_cutoff	high_cutoff	sampling_frequency	status	status_description
EEG A1-Ref	SEEG	µV	n/a	n/a	2000.0	good	n/a
EEG A2-Ref	SEEG	µV	n/a	n/a	2000.0	good	n/a
POL A3	SEEG	µV	n/a	n/a	2000.0	good	n/a
POL A4	SEEG	µV	n/a	n/a	2000.0	good	n/a
POL A5	SEEG	µV	n/a	n/a	2000.0	good	n/a
POL A6	SEEG	µV	n/a	n/a	2000.0	good	n/a
POL A7	SEEG	µV	n/a	n/a	2000.0	good	n/a
POL A8	SEEG	µV	n/a	n/a	2000.0	good	n/a
POL A9	SEEG	µV	n/a	n/a	2000.0	good	n/a
POL A10	SEEG	µV	n/a	n/a	2000.0	good	n/a
POL A13	SEEG	µV	n/a	n/a	2000.0	good	n/a
POL A14	SEEG	µV	n/a	n/a	2000.0	good	n/a
POL A15	SEEG	µV	n/a	n/a	2000.0	good	n/a
POL A16	SEEG	µV	n/a	n/a	2000.0	good	n/a
POL B1	SEEG	µV	n/a	n/a	2000.0	good	n/a
POL B2	SEEG	µV	n/a	n/a	2000.0	good	n/a
POL B3	SEEG	µV	n/a	n/a	2000.0	good	n/a
POL B4	SEEG	µV	n/a	n/a	2000.0	good	n/a
POL B5	SEEG	µV	n/a	n/a	2000.0	good	n/a
POL E	MISC	µV	n/a	n/a	2000.0	good	n/a
POL B6	SEEG	µV	n/a	n/a	2000.0	good	n/a
POL B7	SEEG	µV	n/a	n/a	2000.0	good	n/a
POL A11	SEEG	µV	n/a	n/a	2000.0	good	n/a
POL A12	SEEG	µV	n/a	n/a	2000.0	good	n/a
POL B8	SEEG	µV	n/a	n/a	2000.0	good	n/a
POL B9	SEEG	µV	n/a	n/a	2000.0	good	n/a
POL B10	SEEG	µV	n/a	n/a	2000.0	good	n/a
POL B11	SEEG	µV	n/a	n/a	2000.0	good	n/a
POL B12	SEEG	µV	n/a	n/a	2000.0	good	n/a
EEG C1-Ref	SEEG	µV	n/a	n/a	2000.0	good	n/a
EEG C2-Ref	SEEG	µV	n/a	n/a	2000.0	good	n/a
EEG C3-Ref	SEEG	µV	n/a	n/a	2000.0	good	n/a
EEG C4-Ref	SEEG	µV	n/a	n/a	2000.0	good	n/a
EEG C5-Ref	SEEG	µV	n/a	n/a	2000.0	good	n/a
EEG C6-Ref	SEEG	µV	n/a	n/a	2000.0	good	n/a
POL C7	SEEG	µV	n/a	n/a	2000.0	good	n/a
POL C8	SEEG	µV	n/a	n/a	2000.0	good	n/a
POL DC10	MISC	µV	n/a	n/a	2000.0	good	n/a
POL C9	SEEG	µV	n/a	n/a	2000.0	good	n/a
POL C10	SEEG	µV	n/a	n/a	2000.0	good	n/a
POL C11	SEEG	µV	n/a	n/a	2000.0	good	n/a
POL C12	SEEG	µV	n/a	n/a	2000.0	good	n/a
POL C13	SEEG	µV	n/a	n/a	2000.0	good	n/a
POL C14	SEEG	µV	n/a	n/a	2000.0	good	n/a
POL C15	SEEG	µV	n/a	n/a	2000.0	good	n/a
POL C16	SEEG	µV	n/a	n/a	2000.0	good	n/a
POL D1	SEEG	µV	n/a	n/a	2000.0	good	n/a
POL D2	SEEG	µV	n/a	n/a	2000.0	good	n/a
POL D3	SEEG	µV	n/a	n/a	2000.0	good	n/a
POL D4	SEEG	µV	n/a	n/a	2000.0	good	n/a
POL D5	SEEG	µV	n/a	n/a	2000.0	good	n/a
POL D6	SEEG	µV	n/a	n/a	2000.0	good	n/a
POL D7	SEEG	µV	n/a	n/a	2000.0	good	n/a
POL D8	SEEG	µV	n/a	n/a	2000.0	good	n/a
POL D9	SEEG	µV	n/a	n/a	2000.0	good	n/a
POL D10	SEEG	µV	n/a	n/a	2000.0	good	n/a
POL D11	SEEG	µV	n/a	n/a	2000.0	good	n/a
POL D12	SEEG	µV	n/a	n/a	2000.0	good	n/a
POL D13	SEEG	µV	n/a	n/a	2000.0	good	n/a
POL D14	SEEG	µV	n/a	n/a	2000.0	good	n/a
POL D15	SEEG	µV	n/a	n/a	2000.0	good	n/a
POL D16	SEEG	µV	n/a	n/a	2000.0	good	n/a
POL E1	SEEG	µV	n/a	n/a	2000.0	good	n/a
POL E2	SEEG	µV	n/a	n/a	2000.0	good	n/a
POL E3	SEEG	µV	n/a	n/a	2000.0	good	n/a
POL E4	SEEG	µV	n/a	n/a	2000.0	good	n/a
POL E5	SEEG	µV	n/a	n/a	2000.0	good	n/a
POL E6	SEEG	µV	n/a	n/a	2000.0	good	n/a
POL E7	SEEG	µV	n/a	n/a	2000.0	good	n/a
POL E8	SEEG	µV	n/a	n/a	2000.0	good	n/a
POL E9	SEEG	µV	n/a	n/a	2000.0	good	n/a
POL E10	SEEG	µV	n/a	n/a	2000.0	good	n/a
POL E11	SEEG	µV	n/a	n/a	2000.0	good	n/a
POL E12	SEEG	µV	n/a	n/a	2000.0	good	n/a
EEG F1-Ref	SEEG	µV	n/a	n/a	2000.0	good	n/a
EEG F2-Ref	SEEG	µV	n/a	n/a	2000.0	good	n/a
EEG F3-Ref	SEEG	µV	n/a	n/a	2000.0	good	n/a
EEG F4-Ref	SEEG	µV	n/a	n/a	2000.0	good	n/a
EEG F5-Ref	SEEG	µV	n/a	n/a	2000.0	good	n/a
EEG F6-Ref	SEEG	µV	n/a	n/a	2000.0	good	n/a
EEG F7-Ref	SEEG	µV	n/a	n/a	2000.0	good	n/a
EEG F8-Ref	SEEG	µV	n/a	n/a	2000.0	good	n/a
EEG F9-Ref	SEEG	µV	n/a	n/a	2000.0	good	n/a
EEG F10-Ref	SEEG	µV	n/a	n/a	2000.0	good	n/a
POL F11	SEEG	µV	n/a	n/a	2000.0	good	n/a
POL F12	SEEG	µV	n/a	n/a	2000.0	good	n/a
POL A'1	SEEG	µV	n/a	n/a	2000.0	good	n/a
POL A'2	SEEG	µV	n/a	n/a	2000.0	good	n/a
POL A'3	SEEG	µV	n/a	n/a	2000.0	good	n/a
POL A'4	SEEG	µV	n/a	n/a	2000.0	good	n/a
POL A'5	SEEG	µV	n/a	n/a	2000.0	good	n/a
POL A'6	SEEG	µV	n/a	n/a	2000.0	good	n/a
POL A'7	SEEG	µV	n/a	n/a	2000.0	good	n/a
POL A'8	SEEG	µV	n/a	n/a	2000.0	good	n/a
POL A'9	SEEG	µV	n/a	n/a	2000.0	good	n/a
POL A'10	SEEG	µV	n/a	n/a	2000.0	good	n/a
POL A'11	SEEG	µV	n/a	n/a	2000.0	good	n/a
POL A'12	SEEG	µV	n/a	n/a	2000.0	good	n/a
POL B'1	SEEG	µV	n/a	n/a	2000.0	good	n/a
POL B'2	SEEG	µV	n/a	n/a	2000.0	good	n/a
POL B'3	SEEG	µV	n/a	n/a	2000.0	good	n/a
POL B'4	SEEG	µV	n/a	n/a	2000.0	good	n/a
POL B'5	SEEG	µV	n/a	n/a	2000.0	good	n/a
POL B'6	SEEG	µV	n/a	n/a	2000.0	good	n/a
POL B'7	SEEG	µV	n/a	n/a	2000.0	good	n/a
POL B'8	SEEG	µV	n/a	n/a	2000.0	good	n/a
POL B'9	SEEG	µV	n/a	n/a	2000.0	good	n/a
POL B'10	SEEG	µV	n/a	n/a	2000.0	good	n/a
POL B'11	SEEG	µV	n/a	n/a	2000.0	good	n/a
POL B'12	SEEG	µV	n/a	n/a	2000.0	good	n/a
POL B'13	SEEG	µV	n/a	n/a	2000.0	good	n/a
POL B'14	SEEG	µV	n/a	n/a	2000.0	good	n/a
POL B'15	SEEG	µV	n/a	n/a	2000.0	good	n/a
POL B'16	SEEG	µV	n/a	n/a	2000.0	good	n/a
POL C'1	SEEG	µV	n/a	n/a	2000.0	good	n/a
POL C'2	SEEG	µV	n/a	n/a	2000.0	good	n/a
POL C'3	SEEG	µV	n/a	n/a	2000.0	good	n/a
POL C'4	SEEG	µV	n/a	n/a	2000.0	good	n/a
POL C'5	SEEG	µV	n/a	n/a	2000.0	good	n/a
POL C'6	SEEG	µV	n/a	n/a	2000.0	good	n/a
POL C'7	SEEG	µV	n/a	n/a	2000.0	good	n/a
POL C'8	SEEG	µV	n/a	n/a	2000.0	good	n/a
POL C'9	SEEG	µV	n/a	n/a	2000.0	good	n/a
POL C'10	SEEG	µV	n/a	n/a	2000.0	good	n/a
POL C'11	SEEG	µV	n/a	n/a	2000.0	good	n/a
POL C'12	SEEG	µV	n/a	n/a	2000.0	good	n/a
POL C'13	SEEG	µV	n/a	n/a	2000.0	good	n/a
POL C'14	SEEG	µV	n/a	n/a	2000.0	good	n/a
POL D'1	SEEG	µV	n/a	n/a	2000.0	good	n/a
POL D'2	SEEG	µV	n/a	n/a	2000.0	good	n/a
POL D'3	SEEG	µV	n/a	n/a	2000.0	good	n/a
POL D'4	SEEG	µV	n/a	n/a	2000.0	good	n/a
POL D'5	SEEG	µV	n/a	n/a	2000.0	good	n/a
POL D'6	SEEG	µV	n/a	n/a	2000.0	good	n/a
POL D'7	SEEG	µV	n/a	n/a	2000.0	good	n/a
POL D'8	SEEG	µV	n/a	n/a	2000.0	good	n/a
POL D'9	SEEG	µV	n/a	n/a	2000.0	good	n/a
POL D'10	SEEG	µV	n/a	n/a	2000.0	good	n/a
POL D'11	SEEG	µV	n/a	n/a	2000.0	good	n/a
POL D'12	SEEG	µV	n/a	n/a	2000.0	good	n/a
POL E'1	SEEG	µV	n/a	n/a	2000.0	good	n/a
POL E'2	SEEG	µV	n/a	n/a	2000.0	good	n/a
POL E'3	SEEG	µV	n/a	n/a	2000.0	good	n/a
POL E'4	SEEG	µV	n/a	n/a	2000.0	good	n/a
POL E'5	SEEG	µV	n/a	n/a	2000.0	good	n/a
POL E'6	SEEG	µV	n/a	n/a	2000.0	good	n/a
POL E'7	SEEG	µV	n/a	n/a	2000.0	good	n/a
POL E'8	SEEG	µV	n/a	n/a	2000.0	good	n/a
POL E'9	SEEG	µV	n/a	n/a	2000.0	good	n/a
POL E'10	SEEG	µV	n/a	n/a	2000.0	good	n/a
POL ECG	ECG	µV	n/a	n/a	2000.0	good	n/a
POL EMG1	EMG	µV	n/a	n/a	2000.0	good	n/a
POL EMG2	EMG	µV	n/a	n/a	2000.0	good	n/a
