onset	duration	trial_type
0.0	0	+0.000000
1.99	0	+2.000000
1.99	0	A1+A2 OFF
5842.9385	0	+5843.000000
5842.9385	0	Waking
6419.939	0	+6420.000000
6419.939	0	AD
6536.951	0	+6537.000000
6536.951	0	EEG Onset
6652.968	0	+6653.000000
6652.968	0	头部抖动
6712.9665	0	+6713.000000
6712.9665	0	end
6880.9225	0	+6881.000000
6880.9225	0	IID
6928.981	0	+6929.000000
6928.981	0	asleep
6990.9695	0	+6991.000000
6990.9695	0	IID
7063.903	0	+7064.000000
7063.903	0	IID
7137.931	0	+7138.000000
7137.931	0	IID
7166.985	0	+7167.000000
7166.985	0	IID
