S4_ictal.edf	29002718	md5	a772ee0d6c2dd65f1c2dd9d9dd147fbc	https://zenodo.org/api/records/5675459/files/S4_ictal.edf/content
S4_ct.nii.gz	70206038	md5	ac14150249cf68040d2893ae3c8616d7	https://zenodo.org/api/records/5675459/files/S4_ct.nii.gz/content
S3_mri.nii.gz	9328240	md5	9f362e26cbcb39f979b84dc4f76358ec	https://zenodo.org/api/records/5675459/files/S3_mri.nii.gz/content
S3_inter.edf	4492877632	md5	56b7a7d41a0ece3548a8dced821e6c16	https://zenodo.org/api/records/5675459/files/S3_inter.edf/content
S3_ictal.edf	42647006	md5	3c0fe641aefbc7a8acbeb9531d803f14	https://zenodo.org/api/records/5675459/files/S3_ictal.edf/content
S6_inter.edf	4723282256	md5	2e7095f693112e5a2e4f111e73ced3d3	https://zenodo.org/api/records/5675459/files/S6_inter.edf/content
S2_mri.nii.gz	7281837	md5	91d6e4eacbdfece93e9f8a0790082f79	https://zenodo.org/api/records/5675459/files/S2_mri.nii.gz/content
S2_inter.edf	4435251384	md5	89c3a3db4e8b564a7f9ec3718d82453c	https://zenodo.org/api/records/5675459/files/S2_inter.edf/content
S2_ictal.edf	42078494	md5	4176df1cc938f0882096148a700173da	https://zenodo.org/api/records/5675459/files/S2_ictal.edf/content
S2_ct.nii.gz	71558140	md5	cbd1e47fbacc0c77fcf7b24060dca2bd	https://zenodo.org/api/records/5675459/files/S2_ct.nii.gz/content
S1_mri.nii.gz	9429712	md5	2ec344a51e166c657d9e0f3b8cbe178a	https://zenodo.org/api/records/5675459/files/S1_mri.nii.gz/content
S1_inter.edf	4204872672	md5	5e822bbd3d2f239806eff488937d17d1	https://zenodo.org/api/records/5675459/files/S1_inter.edf/content
S3_ct.nii.gz	64975588	md5	6653f10e533f28dcac6ab6f0649f8422	https://zenodo.org/api/records/5675459/files/S3_ct.nii.gz/content
S7_ictal.edf	29556462	md5	61057ebb01d71479bcfe0071d81348d8	https://zenodo.org/api/records/5675459/files/S7_ictal.edf/content
S7_inter.edf	3168034356	md5	4e37abecce899921ed2a8bc7eff97cca	https://zenodo.org/api/records/5675459/files/S7_inter.edf/content
S7_ct.nii.gz	68530668	md5	89156644f455c7eabafcc8d3f31b4400	https://zenodo.org/api/records/5675459/files/S7_ct.nii.gz/content
S6_mri.nii.gz	11818097	md5	0a5c58a33f69342353b28c756b3250b8	https://zenodo.org/api/records/5675459/files/S6_mri.nii.gz/content
S7_mri.nii.gz	5757441	md5	2c20145d8d88c1d38e691a7399656003	https://zenodo.org/api/records/5675459/files/S7_mri.nii.gz/content
S6_ictal.edf	44921054	md5	05c02e257b2641ab87c8c9f807d1ade1	https://zenodo.org/api/records/5675459/files/S6_ictal.edf/content
S6_ct.nii.gz	85176578	md5	933bce02f0f64187eb9d83f5cd7daadd	https://zenodo.org/api/records/5675459/files/S6_ct.nii.gz/content
S5_mri.nii.gz	8677749	md5	a3eadea404d42d6fd4cae0a22c285018	https://zenodo.org/api/records/5675459/files/S5_mri.nii.gz/content
S5_inter.edf	4262486096	md5	411b4ccf299236d92887a7139e213207	https://zenodo.org/api/records/5675459/files/S5_inter.edf/content
S5_ictal.edf	40372958	md5	2b0ca9ee042fcd65cd2623aa2899db70	https://zenodo.org/api/records/5675459/files/S5_ictal.edf/content
S5_ct.nii.gz	64358790	md5	7acf3cc12a07d23d7cc2878a5173fbfc	https://zenodo.org/api/records/5675459/files/S5_ct.nii.gz/content
S4_mri.nii.gz	11331810	md5	47b0211bf92ba3f201729db92d21309c	https://zenodo.org/api/records/5675459/files/S4_mri.nii.gz/content
S4_inter.edf	3110475424	md5	45d67ce7957791cfae805b551c67a155	https://zenodo.org/api/records/5675459/files/S4_inter.edf/content
S1_ictal.edf	39804446	md5	b69a1192865194f4d65411cb1ae40ed7	https://zenodo.org/api/records/5675459/files/S1_ictal.edf/content
S8_ct.nii.gz	72319170	md5	cf9885139f84852bf7d2ff740768d6c7	https://zenodo.org/api/records/5675459/files/S8_ct.nii.gz/content
S8_ictal.edf	34972094	md5	6754e1f6e4a0fc654acf4ac4f1f83cb1	https://zenodo.org/api/records/5675459/files/S8_ictal.edf/content
S1_ct.nii.gz	68838194	md5	7886e23535cb9400914880b29d41b96a	https://zenodo.org/api/records/5675459/files/S1_ct.nii.gz/content
S8_mri.nii.gz	11588346	md5	242c470d3785fc40c2d4d8fd4e79f4ca	https://zenodo.org/api/records/5675459/files/S8_mri.nii.gz/content
