name	x	y	z	size
A1	n/a	n/a	n/a	n/a
A10	n/a	n/a	n/a	n/a
A11	n/a	n/a	n/a	n/a
A12	n/a	n/a	n/a	n/a
A13	n/a	n/a	n/a	n/a
A14	n/a	n/a	n/a	n/a
A15	n/a	n/a	n/a	n/a
A16	n/a	n/a	n/a	n/a
A2	n/a	n/a	n/a	n/a
A3	n/a	n/a	n/a	n/a
A4	n/a	n/a	n/a	n/a
A5	n/a	n/a	n/a	n/a
A6	n/a	n/a	n/a	n/a
A7	n/a	n/a	n/a	n/a
A8	n/a	n/a	n/a	n/a
A9	n/a	n/a	n/a	n/a
B1	n/a	n/a	n/a	n/a
B10	n/a	n/a	n/a	n/a
B11	n/a	n/a	n/a	n/a
B12	n/a	n/a	n/a	n/a
B13	n/a	n/a	n/a	n/a
B14	n/a	n/a	n/a	n/a
B15	n/a	n/a	n/a	n/a
B16	n/a	n/a	n/a	n/a
B2	n/a	n/a	n/a	n/a
B3	n/a	n/a	n/a	n/a
B4	n/a	n/a	n/a	n/a
B5	n/a	n/a	n/a	n/a
B6	n/a	n/a	n/a	n/a
B7	n/a	n/a	n/a	n/a
B8	n/a	n/a	n/a	n/a
B9	n/a	n/a	n/a	n/a
C1	n/a	n/a	n/a	n/a
C10	n/a	n/a	n/a	n/a
C11	n/a	n/a	n/a	n/a
C12	n/a	n/a	n/a	n/a
C13	n/a	n/a	n/a	n/a
C14	n/a	n/a	n/a	n/a
C2	n/a	n/a	n/a	n/a
C3	n/a	n/a	n/a	n/a
C4	n/a	n/a	n/a	n/a
C5	n/a	n/a	n/a	n/a
C6	n/a	n/a	n/a	n/a
C7	n/a	n/a	n/a	n/a
C8	n/a	n/a	n/a	n/a
C9	n/a	n/a	n/a	n/a
D1	n/a	n/a	n/a	n/a
D10	n/a	n/a	n/a	n/a
D11	n/a	n/a	n/a	n/a
D12	n/a	n/a	n/a	n/a
D13	n/a	n/a	n/a	n/a
D14	n/a	n/a	n/a	n/a
D2	n/a	n/a	n/a	n/a
D3	n/a	n/a	n/a	n/a
D4	n/a	n/a	n/a	n/a
D5	n/a	n/a	n/a	n/a
D6	n/a	n/a	n/a	n/a
D7	n/a	n/a	n/a	n/a
D8	n/a	n/a	n/a	n/a
D9	n/a	n/a	n/a	n/a
E1	n/a	n/a	n/a	n/a
E10	n/a	n/a	n/a	n/a
E11	n/a	n/a	n/a	n/a
E12	n/a	n/a	n/a	n/a
E13	n/a	n/a	n/a	n/a
E14	n/a	n/a	n/a	n/a
E15	n/a	n/a	n/a	n/a
E16	n/a	n/a	n/a	n/a
E2	n/a	n/a	n/a	n/a
E3	n/a	n/a	n/a	n/a
E4	n/a	n/a	n/a	n/a
E5	n/a	n/a	n/a	n/a
E6	n/a	n/a	n/a	n/a
E7	n/a	n/a	n/a	n/a
E8	n/a	n/a	n/a	n/a
E9	n/a	n/a	n/a	n/a
EEG A1-Ref	n/a	n/a	n/a	n/a
EEG A2-Ref	n/a	n/a	n/a	n/a
EEG C1-Ref	n/a	n/a	n/a	n/a
EEG C2-Ref	n/a	n/a	n/a	n/a
EEG C3-Ref	n/a	n/a	n/a	n/a
EEG C4-Ref	n/a	n/a	n/a	n/a
EEG C5-Ref	n/a	n/a	n/a	n/a
EEG C6-Ref	n/a	n/a	n/a	n/a
EEG F1-Ref	n/a	n/a	n/a	n/a
EEG F10-Ref	n/a	n/a	n/a	n/a
EEG F2-Ref	n/a	n/a	n/a	n/a
EEG F3-Ref	n/a	n/a	n/a	n/a
EEG F4-Ref	n/a	n/a	n/a	n/a
EEG F5-Ref	n/a	n/a	n/a	n/a
EEG F6-Ref	n/a	n/a	n/a	n/a
EEG F7-Ref	n/a	n/a	n/a	n/a
EEG F8-Ref	n/a	n/a	n/a	n/a
EEG F9-Ref	n/a	n/a	n/a	n/a
F1	n/a	n/a	n/a	n/a
F10	n/a	n/a	n/a	n/a
F2	n/a	n/a	n/a	n/a
F3	n/a	n/a	n/a	n/a
F4	n/a	n/a	n/a	n/a
F5	n/a	n/a	n/a	n/a
F6	n/a	n/a	n/a	n/a
F7	n/a	n/a	n/a	n/a
F8	n/a	n/a	n/a	n/a
F9	n/a	n/a	n/a	n/a
G1	n/a	n/a	n/a	n/a
G10	n/a	n/a	n/a	n/a
G2	n/a	n/a	n/a	n/a
G3	n/a	n/a	n/a	n/a
G4	n/a	n/a	n/a	n/a
G5	n/a	n/a	n/a	n/a
G6	n/a	n/a	n/a	n/a
G7	n/a	n/a	n/a	n/a
G8	n/a	n/a	n/a	n/a
G9	n/a	n/a	n/a	n/a
H1	n/a	n/a	n/a	n/a
H10	n/a	n/a	n/a	n/a
H11	n/a	n/a	n/a	n/a
H12	n/a	n/a	n/a	n/a
H2	n/a	n/a	n/a	n/a
H3	n/a	n/a	n/a	n/a
H4	n/a	n/a	n/a	n/a
H5	n/a	n/a	n/a	n/a
H6	n/a	n/a	n/a	n/a
H7	n/a	n/a	n/a	n/a
H8	n/a	n/a	n/a	n/a
H9	n/a	n/a	n/a	n/a
J1	n/a	n/a	n/a	n/a
J10	n/a	n/a	n/a	n/a
J11	n/a	n/a	n/a	n/a
J12	n/a	n/a	n/a	n/a
J2	n/a	n/a	n/a	n/a
J3	n/a	n/a	n/a	n/a
J4	n/a	n/a	n/a	n/a
J5	n/a	n/a	n/a	n/a
J6	n/a	n/a	n/a	n/a
J7	n/a	n/a	n/a	n/a
J8	n/a	n/a	n/a	n/a
J9	n/a	n/a	n/a	n/a
K1	n/a	n/a	n/a	n/a
K10	n/a	n/a	n/a	n/a
K11	n/a	n/a	n/a	n/a
K12	n/a	n/a	n/a	n/a
K13	n/a	n/a	n/a	n/a
K14	n/a	n/a	n/a	n/a
K2	n/a	n/a	n/a	n/a
K3	n/a	n/a	n/a	n/a
K4	n/a	n/a	n/a	n/a
K5	n/a	n/a	n/a	n/a
K6	n/a	n/a	n/a	n/a
K7	n/a	n/a	n/a	n/a
K8	n/a	n/a	n/a	n/a
K9	n/a	n/a	n/a	n/a
L1	n/a	n/a	n/a	n/a
L10	n/a	n/a	n/a	n/a
L11	n/a	n/a	n/a	n/a
L12	n/a	n/a	n/a	n/a
L13	n/a	n/a	n/a	n/a
L14	n/a	n/a	n/a	n/a
L15	n/a	n/a	n/a	n/a
L16	n/a	n/a	n/a	n/a
L2	n/a	n/a	n/a	n/a
L3	n/a	n/a	n/a	n/a
L4	n/a	n/a	n/a	n/a
L5	n/a	n/a	n/a	n/a
L6	n/a	n/a	n/a	n/a
L7	n/a	n/a	n/a	n/a
L8	n/a	n/a	n/a	n/a
L9	n/a	n/a	n/a	n/a
POL A10	n/a	n/a	n/a	n/a
POL A11	n/a	n/a	n/a	n/a
POL A12	n/a	n/a	n/a	n/a
POL A13	n/a	n/a	n/a	n/a
POL A14	n/a	n/a	n/a	n/a
POL A15	n/a	n/a	n/a	n/a
POL A16	n/a	n/a	n/a	n/a
POL A3	n/a	n/a	n/a	n/a
POL A4	n/a	n/a	n/a	n/a
POL A5	n/a	n/a	n/a	n/a
POL A6	n/a	n/a	n/a	n/a
POL A7	n/a	n/a	n/a	n/a
POL A8	n/a	n/a	n/a	n/a
POL A9	n/a	n/a	n/a	n/a
POL B1	n/a	n/a	n/a	n/a
POL B10	n/a	n/a	n/a	n/a
POL B11	n/a	n/a	n/a	n/a
POL B12	n/a	n/a	n/a	n/a
POL B13	n/a	n/a	n/a	n/a
POL B14	n/a	n/a	n/a	n/a
POL B15	n/a	n/a	n/a	n/a
POL B16	n/a	n/a	n/a	n/a
POL B2	n/a	n/a	n/a	n/a
POL B3	n/a	n/a	n/a	n/a
POL B4	n/a	n/a	n/a	n/a
POL B5	n/a	n/a	n/a	n/a
POL B6	n/a	n/a	n/a	n/a
POL B7	n/a	n/a	n/a	n/a
POL B8	n/a	n/a	n/a	n/a
POL B9	n/a	n/a	n/a	n/a
POL C10	n/a	n/a	n/a	n/a
POL C11	n/a	n/a	n/a	n/a
POL C12	n/a	n/a	n/a	n/a
POL C13	n/a	n/a	n/a	n/a
POL C14	n/a	n/a	n/a	n/a
POL C7	n/a	n/a	n/a	n/a
POL C8	n/a	n/a	n/a	n/a
POL C9	n/a	n/a	n/a	n/a
POL D1	n/a	n/a	n/a	n/a
POL D10	n/a	n/a	n/a	n/a
POL D11	n/a	n/a	n/a	n/a
POL D12	n/a	n/a	n/a	n/a
POL D13	n/a	n/a	n/a	n/a
POL D14	n/a	n/a	n/a	n/a
POL D2	n/a	n/a	n/a	n/a
POL D3	n/a	n/a	n/a	n/a
POL D4	n/a	n/a	n/a	n/a
POL D5	n/a	n/a	n/a	n/a
POL D6	n/a	n/a	n/a	n/a
POL D7	n/a	n/a	n/a	n/a
POL D8	n/a	n/a	n/a	n/a
POL D9	n/a	n/a	n/a	n/a
POL E1	n/a	n/a	n/a	n/a
POL E10	n/a	n/a	n/a	n/a
POL E11	n/a	n/a	n/a	n/a
POL E12	n/a	n/a	n/a	n/a
POL E13	n/a	n/a	n/a	n/a
POL E14	n/a	n/a	n/a	n/a
POL E15	n/a	n/a	n/a	n/a
POL E16	n/a	n/a	n/a	n/a
POL E2	n/a	n/a	n/a	n/a
POL E3	n/a	n/a	n/a	n/a
POL E4	n/a	n/a	n/a	n/a
POL E5	n/a	n/a	n/a	n/a
POL E6	n/a	n/a	n/a	n/a
POL E7	n/a	n/a	n/a	n/a
POL E8	n/a	n/a	n/a	n/a
POL E9	n/a	n/a	n/a	n/a
POL G1	n/a	n/a	n/a	n/a
POL G10	n/a	n/a	n/a	n/a
POL G2	n/a	n/a	n/a	n/a
POL G3	n/a	n/a	n/a	n/a
POL G4	n/a	n/a	n/a	n/a
POL G5	n/a	n/a	n/a	n/a
POL G6	n/a	n/a	n/a	n/a
POL G7	n/a	n/a	n/a	n/a
POL G8	n/a	n/a	n/a	n/a
POL G9	n/a	n/a	n/a	n/a
POL H1	n/a	n/a	n/a	n/a
POL H10	n/a	n/a	n/a	n/a
POL H11	n/a	n/a	n/a	n/a
POL H12	n/a	n/a	n/a	n/a
POL H2	n/a	n/a	n/a	n/a
POL H3	n/a	n/a	n/a	n/a
POL H4	n/a	n/a	n/a	n/a
POL H5	n/a	n/a	n/a	n/a
POL H6	n/a	n/a	n/a	n/a
POL H7	n/a	n/a	n/a	n/a
POL H8	n/a	n/a	n/a	n/a
POL H9	n/a	n/a	n/a	n/a
POL J1	n/a	n/a	n/a	n/a
POL J10	n/a	n/a	n/a	n/a
POL J11	n/a	n/a	n/a	n/a
POL J12	n/a	n/a	n/a	n/a
POL J2	n/a	n/a	n/a	n/a
POL J3	n/a	n/a	n/a	n/a
POL J4	n/a	n/a	n/a	n/a
POL J5	n/a	n/a	n/a	n/a
POL J6	n/a	n/a	n/a	n/a
POL J7	n/a	n/a	n/a	n/a
POL J8	n/a	n/a	n/a	n/a
POL J9	n/a	n/a	n/a	n/a
POL K1	n/a	n/a	n/a	n/a
POL K10	n/a	n/a	n/a	n/a
POL K11	n/a	n/a	n/a	n/a
POL K12	n/a	n/a	n/a	n/a
POL K13	n/a	n/a	n/a	n/a
POL K14	n/a	n/a	n/a	n/a
POL K2	n/a	n/a	n/a	n/a
POL K3	n/a	n/a	n/a	n/a
POL K4	n/a	n/a	n/a	n/a
POL K5	n/a	n/a	n/a	n/a
POL K6	n/a	n/a	n/a	n/a
POL K7	n/a	n/a	n/a	n/a
POL K8	n/a	n/a	n/a	n/a
POL K9	n/a	n/a	n/a	n/a
POL L1	n/a	n/a	n/a	n/a
POL L10	n/a	n/a	n/a	n/a
POL L11	n/a	n/a	n/a	n/a
POL L12	n/a	n/a	n/a	n/a
POL L13	n/a	n/a	n/a	n/a
POL L14	n/a	n/a	n/a	n/a
POL L15	n/a	n/a	n/a	n/a
POL L16	n/a	n/a	n/a	n/a
POL L2	n/a	n/a	n/a	n/a
POL L3	n/a	n/a	n/a	n/a
POL L4	n/a	n/a	n/a	n/a
POL L5	n/a	n/a	n/a	n/a
POL L6	n/a	n/a	n/a	n/a
POL L7	n/a	n/a	n/a	n/a
POL L8	n/a	n/a	n/a	n/a
POL L9	n/a	n/a	n/a	n/a
